{"fires":[],"fire_count":0,"position":{"x":-34.42413224404674,"y":63,"z":34.498427168396596},"water_buckets":36,"timestamp":1764749714904}