{"fires":[{"x":432,"y":98,"z":-17}],"fire_count":1,"position":{"x":441.41877638105575,"y":127,"z":-6.496082585355383},"water_buckets":36,"timestamp":1764744926884}